{
    "loss": 3.613518476486206,
    "accuracy": 0.47058823704719543
}